Student id,Gender,Race/ethnicity,Parent education,Lunch,Test preparation course,Math score,Reading score,Writing score,Score
S001,female,group B,bachelor's degree,standard,none,58,54,52,54.66666667
S002,female,group C,some college,standard,completed,69,90,88,82.33333333
S003,female,group B,master's degree,standard,none,90,95,93,92.66666667
S004,male,group A,associate's degree,free/reduced,none,47,57,44,49.33333333
S005,male,group C,some college,standard,none,76,78,75,76.33333333
S006,female,group B,associate's degree,standard,none,71,83,78,77.33333333
S007,female,group B,some college,standard,completed,88,95,92,91.66666667
S008,male,group B,some college,free/reduced,none,40,43,39,40.66666667
S009,male,group D,high school,free/reduced,completed,64,64,67,65
S010,female,group B,high school,free/reduced,none,38,60,50,49.33333333
S011,male,group C,associate's degree,standard,none,58,54,52,54.66666667
S012,male,group D,associate's degree,standard,none,40,52,43,45
S013,female,group B,high school,standard,none,65,81,73,73
S014,male,group A,some college,standard,completed,78,72,70,73.33333333
S015,female,group A,master's degree,standard,none,50,53,58,53.66666667
S016,female,group C,some high school,standard,none,69,75,78,74
S017,male,group C,high school,standard,none,88,89,86,87.66666667
S018,female,group B,some high school,free/reduced,none,18,32,28,26
S019,male,group C,master's degree,free/reduced,completed,46,42,46,44.66666667
S020,female,group C,associate's degree,free/reduced,none,54,58,61,57.66666667
S021,male,group D,high school,standard,none,66,69,63,66
S022,female,group B,some college,free/reduced,completed,65,75,70,70
S023,male,group D,some college,standard,none,44,54,53,50.33333333
S024,female,group C,some high school,standard,none,69,73,73,71.66666667
S025,male,group D,bachelor's degree,free/reduced,completed,74,71,80,75
S026,male,group A,master's degree,free/reduced,none,73,74,72,73
S027,male,group B,some college,standard,none,69,54,55,59.33333333
S028,female,group C,bachelor's degree,standard,none,67,69,75,70.33333333
S029,male,group C,high school,standard,none,70,70,65,68.33333333
S030,female,group D,master's degree,standard,none,62,70,75,69
S031,female,group D,some college,standard,none,69,74,74,72.33333333
S032,female,group B,some college,standard,none,63,65,61,63
S033,female,group E,master's degree,free/reduced,none,56,72,65,64.33333333
S034,male,group D,some college,standard,none,40,42,38,40
S035,male,group E,some college,standard,none,97,87,82,88.66666667
S036,male,group E,associate's degree,standard,completed,81,81,79,80.33333333
S037,female,group D,associate's degree,standard,none,74,81,83,79.33333333
S038,female,group D,some high school,free/reduced,none,50,64,59,57.66666667
S039,female,group D,associate's degree,free/reduced,completed,75,90,88,84.33333333
S040,male,group B,associate's degree,free/reduced,none,57,56,57,56.66666667
S041,male,group C,associate's degree,free/reduced,none,55,61,54,56.66666667
S042,female,group C,associate's degree,standard,none,58,73,68,66.33333333
S043,female,group B,associate's degree,standard,none,53,58,65,58.66666667
S044,male,group B,some college,free/reduced,completed,59,65,66,63.33333333
S045,female,group E,associate's degree,free/reduced,none,50,56,54,53.33333333
S046,male,group B,associate's degree,standard,none,65,54,57,58.66666667
S047,female,group A,associate's degree,standard,completed,55,65,62,60.66666667
S048,female,group C,high school,standard,none,66,71,76,71
S049,female,group D,associate's degree,free/reduced,completed,57,74,76,69
S050,male,group C,high school,standard,completed,82,84,82,82.66666667
S051,male,group E,some college,standard,none,53,55,48,52
S052,male,group E,associate's degree,free/reduced,completed,77,69,68,71.33333333
S053,male,group C,some college,standard,none,53,44,42,46.33333333
S054,male,group D,high school,standard,none,88,78,75,80.33333333
S055,female,group C,some high school,free/reduced,completed,71,84,87,80.66666667
S056,female,group C,high school,free/reduced,none,33,41,43,39
S057,female,group E,associate's degree,standard,completed,82,85,86,84.33333333
S058,male,group D,associate's degree,standard,none,52,55,49,52
S059,male,group D,some college,standard,completed,58,59,58,58.33333333
S060,female,group C,some high school,free/reduced,none,0,17,10,9
S061,male,group E,bachelor's degree,free/reduced,completed,79,74,72,75
S062,male,group A,some high school,free/reduced,none,39,39,34,37.33333333
S063,male,group A,associate's degree,free/reduced,none,62,61,55,59.33333333
S064,female,group C,associate's degree,standard,none,69,80,71,73.33333333
S065,female,group D,some high school,standard,none,59,58,59,58.66666667
S066,male,group B,some high school,standard,none,67,64,61,64
S067,male,group D,some high school,free/reduced,none,45,37,37,39.66666667
S068,female,group C,some college,standard,none,60,72,74,68.66666667
S069,male,group B,associate's degree,free/reduced,none,61,58,56,58.33333333
S070,female,group C,associate's degree,standard,none,39,64,57,53.33333333
S071,female,group D,some college,free/reduced,completed,58,63,73,64.66666667
S072,male,group D,some college,standard,completed,63,55,63,60.33333333
S073,female,group A,associate's degree,free/reduced,none,41,51,48,46.66666667
S074,male,group C,some high school,free/reduced,none,61,57,56,58
S075,male,group C,some high school,standard,none,49,49,41,46.33333333
S076,male,group B,associate's degree,free/reduced,none,44,41,38,41
S077,male,group E,some high school,standard,none,30,26,22,26
S078,male,group A,bachelor's degree,standard,completed,80,78,81,79.66666667
S079,female,group D,some high school,standard,completed,61,74,72,69
S080,female,group E,master's degree,standard,none,62,68,68,66
S081,female,group B,associate's degree,standard,none,47,49,50,48.66666667
S082,male,group B,high school,free/reduced,none,49,45,45,46.33333333
S083,male,group A,some college,free/reduced,completed,50,47,54,50.33333333
S084,male,group E,associate's degree,standard,none,72,64,63,66.33333333
S085,male,group D,high school,free/reduced,none,42,39,34,38.33333333
S086,female,group C,some college,standard,none,73,80,82,78.33333333
S087,female,group C,some college,free/reduced,none,76,83,88,82.33333333
S088,female,group D,associate's degree,standard,none,71,71,74,72
S089,female,group A,some college,standard,none,58,70,67,65
S090,female,group D,some high school,standard,none,73,86,82,80.33333333
S091,female,group C,bachelor's degree,standard,none,65,72,74,70.33333333
S092,male,group C,high school,free/reduced,none,27,34,36,32.33333333
S093,male,group C,high school,standard,none,71,79,71,73.66666667
S094,male,group C,associate's degree,free/reduced,completed,43,45,50,46
S095,female,group B,some college,standard,none,79,86,92,85.66666667
S096,male,group C,associate's degree,free/reduced,completed,78,81,82,80.33333333
S097,male,group B,some high school,standard,completed,65,66,62,64.33333333
S098,female,group E,some college,standard,completed,63,72,70,68.33333333
S099,female,group D,some college,free/reduced,none,58,67,62,62.33333333
S100,female,group D,bachelor's degree,standard,none,65,67,62,64.66666667
S101,male,group B,some college,standard,none,79,67,67,71
S102,male,group D,bachelor's degree,standard,completed,68,74,74,72
S103,female,group D,associate's degree,standard,none,85,91,89,88.33333333
S104,male,group B,high school,standard,completed,60,44,47,50.33333333
S105,male,group C,some college,standard,completed,98,86,90,91.33333333
S106,female,group C,some college,standard,none,58,67,72,65.66666667
S107,female,group D,master's degree,standard,none,87,100,100,95.66666667
S108,male,group E,associate's degree,standard,completed,66,63,64,64.33333333
S109,female,group B,associate's degree,free/reduced,none,52,76,70,66
S110,female,group B,some high school,standard,none,70,64,72,68.66666667
S111,female,group D,associate's degree,free/reduced,completed,77,89,98,88
S112,male,group C,high school,standard,none,62,55,49,55.33333333
S113,male,group A,associate's degree,standard,none,54,53,47,51.33333333
S114,female,group D,some college,standard,none,51,58,54,54.33333333
S115,female,group E,bachelor's degree,standard,completed,99,100,100,99.66666667
S116,male,group C,high school,standard,none,84,77,74,78.33333333
S117,female,group B,bachelor's degree,free/reduced,none,75,85,82,80.66666667
S118,female,group D,bachelor's degree,standard,none,78,82,79,79.66666667
S119,female,group D,some high school,standard,none,51,63,61,58.33333333
S120,female,group C,some college,standard,none,55,69,65,63
S121,female,group C,bachelor's degree,standard,completed,79,92,89,86.66666667
S122,male,group B,associate's degree,standard,completed,91,89,92,90.66666667
S123,female,group C,some college,standard,completed,88,93,93,91.33333333
S124,male,group D,high school,free/reduced,none,63,57,56,58.66666667
S125,male,group E,some college,standard,none,83,80,73,78.66666667
S126,female,group B,high school,standard,none,87,95,86,89.33333333
S127,male,group B,some high school,standard,none,72,68,67,69
S128,male,group D,some college,standard,completed,65,77,74,72
S129,male,group D,master's degree,standard,none,82,82,74,79.33333333
S130,female,group A,bachelor's degree,standard,none,51,49,51,50.33333333
S131,male,group D,master's degree,standard,none,89,84,82,85
S132,male,group C,some high school,free/reduced,completed,53,37,40,43.33333333
S133,male,group E,some college,free/reduced,completed,87,74,70,77
S134,female,group C,some college,standard,completed,75,81,84,80
S135,male,group D,bachelor's degree,free/reduced,completed,74,79,75,76
S136,male,group C,bachelor's degree,standard,none,58,55,48,53.66666667
S137,male,group B,some high school,standard,completed,51,54,41,48.66666667
S138,male,group E,high school,standard,none,70,55,56,60.33333333
S139,female,group C,associate's degree,standard,none,59,66,67,64
S140,male,group D,some college,standard,completed,71,61,69,67
S141,female,group D,some high school,standard,none,76,72,71,73
S142,female,group C,some college,free/reduced,none,59,62,64,61.66666667
S143,female,group E,some college,free/reduced,completed,42,55,54,50.33333333
S144,male,group A,high school,standard,none,57,43,47,49
S145,male,group D,some college,standard,none,88,73,78,79.66666667
S146,female,group C,some college,free/reduced,none,22,39,33,31.33333333
S147,male,group B,some high school,standard,none,88,84,75,82.33333333
S148,male,group C,associate's degree,free/reduced,none,73,68,66,69
S149,female,group D,bachelor's degree,standard,completed,68,75,81,74.66666667
S150,male,group E,associate's degree,free/reduced,completed,100,100,93,97.66666667
S151,male,group A,some high school,standard,completed,62,67,69,66
S152,male,group A,bachelor's degree,standard,none,77,67,68,70.66666667
S153,female,group B,associate's degree,standard,completed,59,70,66,65
S154,male,group D,bachelor's degree,standard,none,54,49,47,50
S155,male,group D,some high school,standard,none,62,67,61,63.33333333
S156,female,group C,some college,standard,completed,70,89,88,82.33333333
S157,female,group E,high school,free/reduced,completed,66,74,78,72.66666667
S158,male,group B,some college,free/reduced,none,60,60,60,60
S159,female,group B,associate's degree,standard,completed,61,86,87,78
S160,male,group D,associate's degree,free/reduced,none,66,62,64,64
S161,male,group B,associate's degree,free/reduced,completed,82,78,74,78
S162,female,group E,some college,free/reduced,completed,75,88,85,82.66666667
S163,male,group B,master's degree,free/reduced,none,49,53,52,51.33333333
S164,male,group C,high school,standard,none,52,53,49,51.33333333
S165,female,group E,master's degree,standard,none,81,92,91,88
S166,female,group C,bachelor's degree,standard,completed,96,100,100,98.66666667
S167,male,group C,high school,free/reduced,completed,53,51,51,51.66666667
S168,female,group B,master's degree,free/reduced,completed,58,76,78,70.66666667
S169,female,group B,high school,standard,completed,68,83,78,76.33333333
S170,female,group C,some college,free/reduced,completed,67,75,70,70.66666667
S171,male,group A,high school,standard,completed,72,73,74,73
S172,male,group E,some high school,standard,none,94,88,78,86.66666667
S173,female,group D,some college,standard,none,79,86,81,82
S174,female,group C,associate's degree,standard,none,63,67,70,66.66666667
S175,female,group C,bachelor's degree,free/reduced,completed,43,51,54,49.33333333
S176,female,group C,master's degree,standard,completed,81,91,87,86.33333333
S177,female,group B,high school,free/reduced,completed,46,54,58,52.66666667
S178,female,group C,associate's degree,standard,completed,71,77,77,75
S179,female,group B,master's degree,free/reduced,completed,52,70,62,61.33333333
S180,female,group D,some high school,standard,completed,97,100,100,99
S181,male,group C,master's degree,free/reduced,completed,62,68,75,68.33333333
S182,female,group C,some college,free/reduced,none,46,64,66,58.66666667
S183,female,group E,high school,standard,none,50,50,47,49
S184,female,group D,associate's degree,standard,none,65,69,70,68
S185,male,group C,some high school,free/reduced,completed,45,52,49,48.66666667
S186,male,group C,associate's degree,free/reduced,completed,65,67,65,65.66666667
S187,male,group E,high school,standard,none,80,76,65,73.66666667
S188,male,group D,some high school,standard,completed,62,66,68,65.33333333
S189,male,group B,some high school,free/reduced,none,48,52,45,48.33333333
S190,female,group C,bachelor's degree,standard,none,77,88,87,84
S191,female,group E,associate's degree,standard,none,66,65,69,66.66666667
S192,male,group D,some college,standard,completed,76,83,79,79.33333333
S193,female,group B,some high school,standard,none,62,64,66,64
S194,male,group D,some college,standard,completed,77,62,62,67
S195,female,group C,master's degree,standard,completed,69,84,85,79.33333333
S196,male,group D,associate's degree,standard,none,61,55,52,56
S197,male,group C,some high school,free/reduced,completed,59,69,65,64.33333333
S198,male,group E,high school,free/reduced,none,55,56,51,54
S199,female,group B,some college,free/reduced,none,45,53,55,51
S200,female,group B,bachelor's degree,free/reduced,none,78,79,76,77.66666667
S201,female,group C,associate's degree,standard,completed,67,84,86,79
S202,female,group D,some college,free/reduced,none,65,81,77,74.33333333
S203,male,group C,associate's degree,standard,none,69,77,69,71.66666667
S204,female,group B,associate's degree,standard,none,57,69,68,64.66666667
S205,male,group C,some college,standard,none,59,41,42,47.33333333
S206,male,group D,some high school,standard,completed,74,71,78,74.33333333
S207,male,group E,bachelor's degree,standard,none,82,62,62,68.66666667
S208,male,group E,high school,standard,completed,81,80,76,79
S209,female,group B,some college,free/reduced,none,74,81,76,77
S210,female,group B,some college,free/reduced,none,58,61,66,61.66666667
S211,male,group D,some high school,free/reduced,completed,80,79,79,79.33333333
S212,male,group C,some college,free/reduced,none,35,28,27,30
S213,female,group C,high school,free/reduced,none,42,62,60,54.66666667
S214,male,group C,associate's degree,free/reduced,completed,60,51,56,55.66666667
S215,male,group E,high school,standard,completed,87,91,81,86.33333333
S216,male,group B,some high school,standard,completed,84,83,75,80.66666667
S217,female,group E,associate's degree,free/reduced,completed,83,86,88,85.66666667
S218,female,group C,high school,free/reduced,none,34,42,39,38.33333333
S219,male,group B,high school,free/reduced,none,66,77,70,71
S220,male,group B,some high school,standard,completed,61,56,56,57.66666667
S221,female,group D,high school,standard,completed,56,68,74,66
S222,male,group B,associate's degree,standard,none,87,85,73,81.66666667
S223,female,group C,some high school,free/reduced,none,55,65,62,60.66666667
S224,male,group D,some high school,standard,none,86,80,75,80.33333333
S225,female,group B,associate's degree,standard,completed,52,66,73,63.66666667
S226,female,group E,master's degree,free/reduced,none,45,56,54,51.66666667
S227,female,group C,some college,standard,none,72,72,71,71.66666667
S228,male,group D,high school,standard,none,57,50,54,53.66666667
S229,male,group A,some high school,free/reduced,none,68,72,64,68
S230,female,group C,some college,standard,completed,88,95,94,92.33333333
S231,male,group D,some college,standard,none,76,64,66,68.66666667
S232,male,group C,associate's degree,standard,none,46,43,42,43.66666667
S233,female,group B,bachelor's degree,standard,none,67,86,83,78.66666667
S234,male,group E,some high school,standard,none,92,87,78,85.66666667
S235,male,group C,bachelor's degree,standard,completed,83,82,84,83
S236,male,group D,associate's degree,standard,none,80,75,77,77.33333333
S237,male,group D,bachelor's degree,free/reduced,none,63,66,67,65.33333333
S238,female,group D,some high school,standard,completed,64,60,74,66
S239,male,group B,some college,standard,none,54,52,51,52.33333333
S240,male,group C,associate's degree,standard,none,84,80,80,81.33333333
S241,male,group D,high school,free/reduced,completed,73,68,66,69
S242,female,group E,bachelor's degree,standard,none,80,83,83,82
S243,female,group D,high school,standard,none,56,52,55,54.33333333
S244,male,group E,some college,standard,none,59,51,43,51
S245,male,group D,some high school,standard,none,75,74,69,72.66666667
S246,male,group C,associate's degree,standard,none,85,76,71,77.33333333
S247,male,group E,associate's degree,standard,none,89,76,74,79.66666667
S248,female,group B,high school,standard,completed,58,70,68,65.33333333
S249,female,group B,high school,standard,none,65,64,62,63.66666667
S250,male,group C,high school,standard,none,68,60,53,60.33333333
S251,male,group A,some high school,standard,completed,47,49,49,48.33333333
S252,female,group D,some college,free/reduced,none,71,83,83,79
S253,female,group B,some high school,standard,completed,60,70,70,66.66666667
S254,male,group D,master's degree,standard,none,80,80,72,77.33333333
S255,male,group D,high school,standard,none,54,52,52,52.66666667
S256,female,group E,some college,standard,none,62,73,70,68.33333333
S257,female,group C,associate's degree,free/reduced,none,64,73,68,68.33333333
S258,male,group C,associate's degree,standard,completed,78,77,77,77.33333333
S259,female,group B,some college,standard,none,70,75,78,74.33333333
S260,female,group C,master's degree,free/reduced,completed,65,81,81,75.66666667
S261,female,group C,some high school,free/reduced,completed,64,79,77,73.33333333
S262,male,group C,some college,standard,completed,79,79,78,78.66666667
S263,female,group C,some high school,free/reduced,none,44,50,51,48.33333333
S264,female,group E,high school,standard,none,99,93,90,94
S265,male,group D,high school,standard,none,76,73,68,72.33333333
S266,male,group D,some high school,free/reduced,none,59,42,41,47.33333333
S267,female,group C,bachelor's degree,standard,none,63,75,81,73
S268,female,group D,high school,standard,none,69,72,77,72.66666667
S269,female,group D,associate's degree,standard,completed,88,92,95,91.66666667
S270,female,group E,some college,free/reduced,none,71,76,70,72.33333333
S271,male,group C,bachelor's degree,standard,none,69,63,61,64.33333333
S272,male,group C,some college,standard,none,58,49,42,49.66666667
S273,female,group D,associate's degree,free/reduced,none,47,53,58,52.66666667
S274,female,group D,some college,standard,none,65,70,71,68.66666667
S275,male,group B,some college,standard,completed,88,85,76,83
S276,male,group C,bachelor's degree,standard,none,83,78,73,78
S277,female,group C,some high school,standard,completed,85,92,93,90
S278,female,group E,high school,standard,completed,59,63,75,65.66666667
S279,female,group C,some high school,free/reduced,none,65,86,80,77
S280,male,group B,bachelor's degree,free/reduced,none,73,56,57,62
S281,male,group D,high school,standard,none,53,52,42,49
S282,male,group D,high school,standard,none,45,48,46,46.33333333
S283,female,group D,bachelor's degree,free/reduced,none,73,79,84,78.66666667
S284,female,group D,some college,free/reduced,completed,70,78,78,75.33333333
S285,female,group B,some high school,standard,none,37,46,46,43
S286,male,group B,associate's degree,standard,completed,81,82,82,81.66666667
S287,male,group E,associate's degree,standard,completed,97,82,88,89
S288,female,group B,some high school,standard,none,67,89,82,79.33333333
S289,male,group B,bachelor's degree,free/reduced,none,88,75,76,79.66666667
S290,male,group E,some high school,standard,completed,77,76,77,76.66666667
S291,male,group C,associate's degree,standard,none,76,70,68,71.33333333
S292,male,group D,some high school,standard,none,86,73,70,76.33333333
S293,male,group C,some high school,standard,completed,63,60,57,60
S294,female,group E,bachelor's degree,standard,none,65,73,75,71
S295,male,group D,high school,free/reduced,completed,78,77,80,78.33333333
S296,male,group B,associate's degree,free/reduced,none,67,62,60,63
S297,male,group A,some high school,standard,completed,46,41,43,43.33333333
S298,male,group E,associate's degree,standard,completed,71,74,68,71
S299,male,group C,high school,free/reduced,completed,40,46,50,45.33333333
S300,male,group D,associate's degree,free/reduced,none,90,87,75,84
S301,male,group A,some college,free/reduced,completed,81,78,81,80
S302,male,group D,some high school,free/reduced,none,56,54,52,54
S303,female,group C,associate's degree,standard,completed,67,84,81,77.33333333
S304,male,group B,associate's degree,standard,none,80,76,64,73.33333333
S305,female,group C,associate's degree,standard,completed,74,75,83,77.33333333
S306,male,group A,some college,standard,none,69,67,69,68.33333333
S307,male,group E,some college,standard,completed,99,87,81,89
S308,male,group C,some high school,standard,none,51,52,44,49
S309,female,group B,associate's degree,free/reduced,none,53,71,67,63.66666667
S310,female,group D,high school,free/reduced,none,49,57,52,52.66666667
S311,female,group B,associate's degree,standard,none,73,76,80,76.33333333
S312,male,group B,bachelor's degree,standard,none,66,60,57,61
S313,male,group D,bachelor's degree,standard,completed,67,61,68,65.33333333
S314,female,group C,associate's degree,free/reduced,completed,68,67,69,68
S315,female,group C,bachelor's degree,standard,completed,59,64,75,66
S316,male,group C,high school,standard,none,71,66,65,67.33333333
S317,female,group D,master's degree,standard,completed,77,82,91,83.33333333
S318,male,group C,associate's degree,standard,none,83,72,78,77.66666667
S319,male,group B,bachelor's degree,standard,none,63,71,69,67.66666667
S320,female,group D,associate's degree,free/reduced,none,56,65,63,61.33333333
S321,female,group C,high school,free/reduced,completed,67,79,84,76.66666667
S322,female,group E,high school,standard,none,75,86,79,80
S323,female,group C,some college,standard,none,71,81,80,77.33333333
S324,female,group C,some high school,free/reduced,none,43,53,53,49.66666667
S325,female,group C,high school,free/reduced,none,41,46,43,43.33333333
S326,female,group C,some college,standard,none,82,90,94,88.66666667
S327,male,group C,some college,standard,none,61,61,62,61.33333333
S328,male,group A,some college,free/reduced,none,28,23,19,23.33333333
S329,male,group C,associate's degree,standard,completed,82,75,77,78
S330,female,group B,some high school,standard,none,41,55,51,49
S331,male,group C,high school,standard,none,71,60,61,64
S332,male,group C,associate's degree,standard,none,47,37,35,39.66666667
S333,male,group E,associate's degree,standard,completed,62,56,53,57
S334,male,group B,associate's degree,standard,none,90,78,81,83
S335,female,group C,bachelor's degree,standard,none,83,93,95,90.33333333
S336,female,group B,some college,free/reduced,none,61,68,66,65
S337,male,group D,some high school,standard,completed,76,70,69,71.66666667
S338,male,group C,associate's degree,standard,none,49,51,43,47.66666667
S339,female,group B,some high school,free/reduced,none,24,38,27,29.66666667
S340,female,group D,some high school,free/reduced,completed,35,55,60,50
S341,male,group C,high school,free/reduced,none,58,61,52,57
S342,female,group C,high school,standard,none,61,73,63,65.66666667
S343,female,group B,high school,standard,completed,69,76,74,73
S344,male,group D,associate's degree,standard,completed,67,72,67,68.66666667
S345,male,group D,some college,standard,none,79,73,67,73
S346,female,group C,high school,standard,none,72,80,75,75.66666667
S347,male,group B,some college,standard,none,62,61,57,60
S348,female,group C,bachelor's degree,standard,completed,77,94,95,88.66666667
S349,male,group D,high school,free/reduced,none,75,74,66,71.66666667
S350,male,group E,associate's degree,standard,none,87,74,76,79
S351,female,group B,bachelor's degree,standard,none,52,65,69,62
S352,male,group E,some college,standard,none,66,57,52,58.33333333
S353,female,group C,some college,standard,completed,63,78,80,73.66666667
S354,female,group C,associate's degree,standard,none,46,58,57,53.66666667
S355,female,group C,some college,standard,none,59,71,70,66.66666667
S356,female,group B,bachelor's degree,standard,none,61,72,70,67.66666667
S357,male,group A,associate's degree,standard,none,63,61,61,61.66666667
S358,female,group C,some college,free/reduced,completed,42,66,69,59
S359,male,group D,some college,free/reduced,none,59,62,61,60.66666667
S360,female,group D,some college,standard,none,80,90,89,86.33333333
S361,female,group B,high school,standard,none,58,62,59,59.66666667
S362,male,group B,some high school,standard,completed,85,84,78,82.33333333
S363,female,group C,some college,standard,none,52,58,58,56
S364,female,group D,some high school,free/reduced,none,27,34,32,31
S365,male,group C,some college,standard,none,59,60,58,59
S366,male,group A,bachelor's degree,free/reduced,completed,49,58,60,55.66666667
S367,male,group C,high school,standard,completed,69,58,53,60
S368,male,group C,bachelor's degree,free/reduced,none,61,66,61,62.66666667
S369,female,group A,some high school,free/reduced,none,44,64,58,55.33333333
S370,female,group D,some high school,standard,none,73,84,85,80.66666667
S371,male,group E,some college,standard,none,84,77,71,77.33333333
S372,female,group C,some college,free/reduced,completed,45,73,70,62.66666667
S373,male,group D,some high school,standard,none,74,74,72,73.33333333
S374,female,group D,some college,standard,completed,82,97,96,91.66666667
S375,female,group D,bachelor's degree,standard,none,59,70,73,67.33333333
S376,male,group E,associate's degree,free/reduced,none,46,43,41,43.33333333
S377,female,group D,some high school,standard,none,80,90,82,84
S378,female,group D,master's degree,free/reduced,completed,85,95,100,93.33333333
S379,female,group A,some high school,standard,none,71,83,77,77
S380,male,group A,bachelor's degree,standard,none,66,64,62,64
S381,female,group B,associate's degree,standard,none,80,86,83,83
S382,male,group C,associate's degree,standard,completed,87,100,95,94
S383,male,group C,master's degree,free/reduced,none,79,81,71,77
S384,female,group E,some high school,free/reduced,none,38,49,45,44
S385,female,group A,some high school,free/reduced,none,38,43,43,41.33333333
S386,female,group E,some college,standard,none,67,76,75,72.66666667
S387,female,group E,bachelor's degree,standard,none,64,73,70,69
S388,female,group C,associate's degree,free/reduced,none,57,78,67,67.33333333
S389,female,group D,high school,standard,none,62,64,64,63.33333333
S390,male,group D,master's degree,standard,none,73,70,75,72.66666667
S391,male,group E,some high school,free/reduced,completed,73,67,59,66.33333333
S392,female,group D,some college,standard,none,77,68,77,74
S393,male,group E,some college,standard,none,76,67,67,70
S394,male,group C,associate's degree,standard,completed,57,54,56,55.66666667
S395,female,group C,some high school,standard,completed,65,74,77,72
S396,male,group A,high school,free/reduced,none,48,45,41,44.66666667
S397,female,group B,high school,free/reduced,none,50,67,63,60
S398,female,group C,associate's degree,standard,none,85,89,95,89.66666667
S399,male,group B,some high school,standard,none,74,63,57,64.66666667
S400,male,group D,some high school,standard,none,60,59,54,57.66666667
S401,female,group C,some high school,standard,completed,59,54,67,60
S402,male,group A,some college,standard,none,53,43,43,46.33333333
S403,female,group A,some college,free/reduced,none,49,65,55,56.33333333
S404,female,group D,high school,standard,completed,88,99,100,95.66666667
S405,female,group C,high school,standard,none,54,59,62,58.33333333
S406,female,group C,some high school,standard,none,63,73,68,68
S407,male,group B,associate's degree,standard,completed,65,65,63,64.33333333
S408,female,group B,associate's degree,standard,none,82,80,77,79.66666667
S409,female,group D,high school,free/reduced,completed,52,57,56,55
S410,male,group D,associate's degree,standard,completed,87,84,85,85.33333333
S411,female,group D,master's degree,standard,completed,70,71,74,71.66666667
S412,male,group E,some college,standard,completed,84,83,78,81.66666667
S413,male,group D,associate's degree,standard,none,71,66,60,65.66666667
S414,male,group B,some high school,standard,completed,63,67,67,65.66666667
S415,female,group C,bachelor's degree,free/reduced,completed,51,72,79,67.33333333
S416,male,group E,high school,standard,none,84,73,69,75.33333333
S417,male,group C,bachelor's degree,standard,completed,71,74,68,71
S418,male,group C,associate's degree,standard,none,74,73,67,71.33333333
S419,male,group D,some college,standard,none,68,59,62,63
S420,male,group E,high school,free/reduced,completed,57,56,54,55.66666667
S421,female,group C,associate's degree,free/reduced,completed,82,93,93,89.33333333
S422,female,group D,high school,standard,completed,57,58,64,59.66666667
S423,female,group D,master's degree,free/reduced,completed,47,58,67,57.33333333
S424,female,group A,some high school,standard,completed,59,85,80,74.66666667
S425,male,group B,some college,free/reduced,none,41,39,34,38
S426,female,group C,some college,free/reduced,none,62,67,62,63.66666667
S427,male,group C,bachelor's degree,standard,none,86,83,86,85
S428,male,group C,some high school,free/reduced,none,69,71,65,68.33333333
S429,male,group A,some high school,free/reduced,none,65,59,53,59
S430,male,group C,some high school,free/reduced,none,68,63,54,61.66666667
S431,male,group C,associate's degree,free/reduced,none,64,66,59,63
S432,female,group C,high school,standard,none,61,72,70,67.66666667
S433,male,group C,high school,standard,none,61,56,55,57.33333333
S434,female,group A,some high school,free/reduced,none,47,59,50,52
S435,male,group C,some high school,standard,none,73,66,66,68.33333333
S436,male,group C,some college,free/reduced,completed,50,48,53,50.33333333
S437,male,group D,associate's degree,standard,none,75,68,64,69
S438,male,group D,associate's degree,free/reduced,none,75,66,73,71.33333333
S439,male,group C,high school,standard,none,70,56,51,59
S440,male,group D,some high school,standard,completed,89,88,82,86.33333333
S441,female,group C,some college,standard,completed,67,81,79,75.66666667
S442,female,group D,high school,standard,none,78,81,80,79.66666667
S443,female,group A,some high school,free/reduced,none,59,73,69,67
S444,female,group B,associate's degree,standard,none,73,83,76,77.33333333
S445,male,group A,some high school,free/reduced,none,79,82,73,78
S446,female,group C,some high school,standard,completed,67,74,77,72.66666667
S447,male,group D,some college,free/reduced,none,69,66,60,65
S448,male,group C,high school,standard,completed,86,81,80,82.33333333
S449,male,group B,high school,standard,none,47,46,42,45
S450,male,group B,associate's degree,standard,none,81,73,72,75.33333333
S451,female,group C,some college,free/reduced,completed,64,85,85,78
S452,female,group E,some college,standard,none,100,92,97,96.33333333
S453,female,group C,associate's degree,free/reduced,none,65,77,74,72
S454,male,group C,some college,free/reduced,none,65,58,49,57.33333333
S455,female,group C,associate's degree,free/reduced,none,53,61,62,58.66666667
S456,male,group C,bachelor's degree,free/reduced,none,37,56,47,46.66666667
S457,female,group D,bachelor's degree,standard,none,79,89,89,85.66666667
S458,male,group D,associate's degree,free/reduced,none,53,54,48,51.66666667
S459,female,group E,bachelor's degree,standard,none,100,100,100,100
S460,male,group B,high school,standard,completed,72,65,68,68.33333333
S461,male,group C,bachelor's degree,free/reduced,none,53,58,55,55.33333333
S462,male,group B,some college,free/reduced,none,54,54,45,51
S463,female,group E,some college,standard,none,71,70,76,72.33333333
S464,female,group C,some college,free/reduced,none,77,90,91,86
S465,male,group A,bachelor's degree,standard,completed,75,58,62,65
S466,female,group C,some college,standard,none,84,87,91,87.33333333
S467,female,group D,associate's degree,free/reduced,none,26,31,38,31.66666667
S468,male,group A,high school,free/reduced,completed,72,67,65,68
S469,female,group A,high school,free/reduced,completed,77,88,85,83.33333333
S470,male,group C,some college,standard,none,91,74,76,80.33333333
S471,female,group C,associate's degree,standard,completed,83,85,90,86
S472,female,group C,high school,standard,none,63,69,74,68.66666667
S473,female,group C,associate's degree,standard,completed,68,86,84,79.33333333
S474,female,group D,some high school,standard,none,59,67,61,62.33333333
S475,female,group B,associate's degree,standard,completed,90,90,91,90.33333333
S476,female,group D,bachelor's degree,standard,completed,71,76,83,76.66666667
S477,male,group E,bachelor's degree,standard,completed,76,62,66,68
S478,male,group D,associate's degree,standard,none,80,68,72,73.33333333
S479,female,group D,master's degree,standard,none,55,64,70,63
S480,male,group E,associate's degree,standard,none,76,71,67,71.33333333
S481,male,group B,high school,standard,completed,73,71,68,70.66666667
S482,female,group D,associate's degree,free/reduced,none,52,59,56,55.66666667
S483,male,group C,some college,free/reduced,none,68,68,61,65.66666667
S484,male,group A,high school,standard,none,59,52,46,52.33333333
S485,female,group B,associate's degree,standard,none,49,52,54,51.66666667
S486,male,group C,high school,standard,none,70,74,71,71.66666667
S487,male,group D,some college,free/reduced,none,61,47,56,54.66666667
S488,female,group C,associate's degree,free/reduced,none,60,75,74,69.66666667
S489,male,group B,some high school,standard,completed,64,53,57,58
S490,male,group A,associate's degree,free/reduced,completed,79,82,82,81
S491,female,group A,associate's degree,free/reduced,none,65,85,76,75.33333333
S492,female,group C,associate's degree,standard,none,64,64,70,66
S493,female,group C,some college,standard,none,83,83,90,85.33333333
S494,female,group C,bachelor's degree,standard,none,81,88,90,86.33333333
S495,female,group B,high school,standard,none,54,64,68,62
S496,male,group D,high school,standard,completed,68,64,66,66
S497,female,group C,some college,standard,none,54,48,52,51.33333333
S498,female,group D,some college,free/reduced,completed,59,78,76,71
S499,female,group B,some high school,standard,none,66,69,68,67.66666667
S500,male,group E,some college,standard,none,76,71,72,73
S501,female,group D,master's degree,standard,none,74,79,82,78.33333333
S502,female,group B,associate's degree,standard,completed,94,87,92,91
S503,male,group C,some college,free/reduced,none,63,61,54,59.33333333
S504,female,group E,associate's degree,standard,completed,95,89,92,92
S505,female,group D,master's degree,free/reduced,none,40,59,54,51
S506,female,group B,some high school,standard,none,82,82,80,81.33333333
S507,male,group A,high school,standard,none,68,70,66,68
S508,male,group B,bachelor's degree,free/reduced,none,55,59,54,56
S509,male,group C,master's degree,standard,none,79,78,77,78
S510,female,group C,bachelor's degree,standard,none,86,92,87,88.33333333
S511,male,group D,some college,standard,none,76,71,73,73.33333333
S512,male,group A,some high school,standard,none,64,50,43,52.33333333
S513,male,group D,some high school,free/reduced,none,62,49,52,54.33333333
S514,female,group B,some high school,standard,completed,54,61,62,59
S515,female,group B,master's degree,free/reduced,completed,77,97,94,89.33333333
S516,female,group C,some high school,standard,completed,76,87,85,82.66666667
S517,female,group D,some college,standard,none,74,89,84,82.33333333
S518,female,group E,some college,standard,completed,66,74,73,71
S519,female,group D,some high school,standard,completed,66,78,78,74
S520,female,group B,high school,free/reduced,completed,67,78,79,74.66666667
S521,male,group D,some college,standard,none,71,49,52,57.33333333
S522,female,group C,associate's degree,standard,none,91,86,84,87
S523,male,group D,bachelor's degree,standard,none,69,58,57,61.33333333
S524,male,group C,master's degree,free/reduced,none,54,59,50,54.33333333
S525,male,group C,high school,standard,completed,53,52,49,51.33333333
S526,male,group E,some college,standard,none,68,60,59,62.33333333
S527,male,group C,some high school,free/reduced,completed,56,61,60,59
S528,female,group C,high school,free/reduced,none,36,53,43,44
S529,female,group D,bachelor's degree,free/reduced,none,29,41,47,39
S530,female,group C,associate's degree,standard,none,62,74,70,68.66666667
S531,female,group C,associate's degree,standard,completed,68,67,73,69.33333333
S532,female,group C,some high school,standard,none,47,54,53,51.33333333
S533,male,group E,associate's degree,standard,completed,62,61,58,60.33333333
S534,female,group E,associate's degree,standard,completed,79,88,94,87
S535,male,group B,high school,standard,completed,73,69,68,70
S536,female,group C,bachelor's degree,free/reduced,completed,66,83,83,77.33333333
S537,male,group C,associate's degree,standard,completed,51,60,58,56.33333333
S538,female,group D,high school,standard,none,51,66,62,59.66666667
S539,male,group E,bachelor's degree,standard,completed,85,66,71,74
S540,male,group A,associate's degree,standard,completed,97,92,86,91.66666667
S541,male,group C,high school,standard,completed,75,69,68,70.66666667
S542,male,group D,associate's degree,free/reduced,completed,79,82,80,80.33333333
S543,female,group C,associate's degree,standard,none,81,77,79,79
S544,female,group D,associate's degree,standard,none,82,95,89,88.66666667
S545,female,group D,master's degree,standard,none,64,63,66,64.33333333
S546,male,group E,some high school,free/reduced,completed,78,83,80,80.33333333
S547,female,group A,some high school,standard,completed,92,100,97,96.33333333
S548,male,group C,high school,standard,completed,72,67,64,67.66666667
S549,female,group C,high school,free/reduced,none,62,67,64,64.33333333
S550,male,group C,master's degree,standard,none,79,72,69,73.33333333
S551,male,group C,some high school,free/reduced,none,79,76,65,73.33333333
S552,male,group B,bachelor's degree,free/reduced,completed,87,90,88,88.33333333
S553,female,group B,associate's degree,standard,none,40,48,50,46
S554,male,group D,some college,free/reduced,none,77,62,64,67.66666667
S555,male,group E,associate's degree,standard,none,53,45,40,46
S556,female,group C,some college,free/reduced,none,32,39,33,34.66666667
S557,female,group C,associate's degree,standard,completed,55,72,79,68.66666667
S558,male,group C,master's degree,free/reduced,none,61,67,66,64.66666667
S559,female,group B,associate's degree,free/reduced,none,53,70,70,64.33333333
S560,male,group D,some high school,standard,none,73,66,62,67
S561,female,group D,some college,standard,completed,74,75,79,76
S562,female,group C,some college,standard,none,63,74,74,70.33333333
S563,male,group C,bachelor's degree,standard,completed,96,90,92,92.66666667
S564,female,group D,some college,free/reduced,completed,63,80,80,74.33333333
S565,male,group B,bachelor's degree,free/reduced,none,48,51,46,48.33333333
S566,male,group B,associate's degree,standard,none,48,43,45,45.33333333
S567,female,group E,bachelor's degree,free/reduced,completed,92,100,100,97.33333333
S568,female,group D,master's degree,free/reduced,completed,61,71,78,70
S569,male,group B,high school,free/reduced,none,63,48,47,52.66666667
S570,male,group D,bachelor's degree,free/reduced,none,68,68,67,67.66666667
S571,male,group B,some college,standard,completed,71,75,70,72
S572,male,group A,bachelor's degree,standard,none,91,96,92,93
S573,female,group C,some college,standard,none,53,62,56,57
S574,female,group C,high school,free/reduced,completed,50,66,64,60
S575,female,group E,high school,standard,none,74,81,71,75.33333333
S576,male,group A,associate's degree,free/reduced,completed,40,55,53,49.33333333
S577,male,group A,some college,standard,completed,61,51,52,54.66666667
S578,female,group B,high school,standard,none,81,91,89,87
S579,female,group B,some college,free/reduced,completed,48,56,58,54
S580,female,group D,master's degree,standard,none,53,61,68,60.66666667
S581,female,group D,some high school,standard,none,81,97,96,91.33333333
S582,female,group E,some high school,standard,none,77,79,80,78.66666667
S583,female,group D,bachelor's degree,free/reduced,none,63,73,78,71.33333333
S584,female,group D,associate's degree,standard,completed,73,75,80,76
S585,female,group D,some college,standard,none,69,77,77,74.33333333
S586,female,group C,associate's degree,standard,none,65,76,76,72.33333333
S587,female,group A,high school,standard,none,55,73,73,67
S588,female,group C,bachelor's degree,free/reduced,none,44,63,62,56.33333333
S589,female,group C,some college,standard,none,54,64,65,61
S590,female,group A,some high school,standard,none,48,66,65,59.66666667
S591,male,group C,some college,free/reduced,none,58,57,54,56.33333333
S592,male,group A,some high school,standard,none,71,62,50,61
S593,male,group E,bachelor's degree,standard,none,68,68,64,66.66666667
S594,female,group E,high school,standard,none,74,76,73,74.33333333
S595,female,group C,bachelor's degree,standard,completed,92,100,99,97
S596,female,group C,bachelor's degree,standard,completed,56,79,72,69
S597,male,group B,high school,free/reduced,none,30,24,15,23
S598,male,group A,some high school,standard,none,53,54,48,51.66666667
S599,female,group D,high school,standard,none,69,77,73,73
S600,female,group D,some high school,standard,none,65,82,81,76
S601,female,group D,master's degree,standard,none,54,60,63,59
S602,female,group C,high school,standard,none,29,29,30,29.33333333
S603,female,group E,some college,standard,none,76,78,80,78
S604,male,group D,high school,free/reduced,none,60,57,51,56
S605,male,group D,master's degree,free/reduced,completed,84,89,90,87.66666667
S606,male,group C,some high school,standard,none,75,72,62,69.66666667
S607,female,group C,associate's degree,standard,none,85,84,82,83.66666667
S608,female,group C,master's degree,free/reduced,none,40,58,54,50.66666667
S609,female,group E,some college,standard,none,61,64,62,62.33333333
S610,female,group B,associate's degree,standard,none,58,63,65,62
S611,male,group D,some college,free/reduced,completed,69,60,63,64
S612,female,group C,some college,standard,none,58,59,66,61
S613,male,group C,bachelor's degree,standard,completed,94,90,91,91.66666667
S614,female,group C,associate's degree,standard,none,65,77,74,72
S615,female,group A,associate's degree,standard,none,82,93,93,89.33333333
S616,female,group C,high school,standard,none,60,68,72,66.66666667
S617,female,group E,bachelor's degree,standard,none,37,45,38,40
S618,male,group D,bachelor's degree,standard,none,88,78,83,83
S619,male,group D,master's degree,standard,none,95,81,84,86.66666667
S620,male,group C,associate's degree,free/reduced,completed,65,73,68,68.66666667
S621,female,group C,high school,free/reduced,none,35,61,54,50
S622,male,group B,bachelor's degree,free/reduced,none,62,63,56,60.33333333
S623,male,group C,high school,free/reduced,completed,58,51,52,53.66666667
S624,male,group A,some college,standard,completed,100,96,86,94
S625,female,group E,bachelor's degree,free/reduced,none,61,58,62,60.33333333
S626,male,group D,some college,standard,completed,100,97,99,98.66666667
S627,male,group B,associate's degree,free/reduced,completed,69,70,63,67.33333333
S628,male,group D,associate's degree,standard,none,61,48,46,51.66666667
S629,male,group D,some college,free/reduced,none,49,57,46,50.66666667
S630,female,group C,some high school,standard,completed,44,51,55,50
S631,male,group D,some college,standard,none,67,64,70,67
S632,male,group B,high school,standard,none,79,60,65,68
S633,female,group B,bachelor's degree,standard,completed,66,74,81,73.66666667
S634,female,group C,high school,standard,none,75,88,85,82.66666667
S635,male,group D,some high school,standard,none,84,84,80,82.66666667
S636,male,group A,high school,standard,none,71,74,64,69.66666667
S637,female,group B,high school,free/reduced,completed,67,80,81,76
S638,female,group D,some high school,standard,completed,80,92,88,86.66666667
S639,male,group E,some college,standard,none,86,76,74,78.66666667
S640,female,group D,associate's degree,standard,none,76,74,73,74.33333333
S641,male,group D,high school,standard,none,41,52,51,48
S642,female,group D,associate's degree,free/reduced,completed,74,88,90,84
S643,female,group B,some high school,free/reduced,none,72,81,79,77.33333333
S644,female,group E,high school,standard,completed,74,79,80,77.66666667
S645,male,group B,high school,standard,none,70,65,60,65
S646,female,group B,bachelor's degree,standard,completed,65,81,81,75.66666667
S647,female,group D,associate's degree,standard,none,59,70,65,64.66666667
S648,female,group E,high school,free/reduced,none,64,62,68,64.66666667
S649,female,group B,high school,standard,none,50,53,55,52.66666667
S650,female,group D,some college,standard,completed,69,79,81,76.33333333
S651,male,group C,some high school,free/reduced,completed,51,56,53,53.33333333
S652,female,group A,high school,standard,completed,68,80,76,74.66666667
S653,female,group D,some college,standard,completed,85,86,98,89.66666667
S654,female,group A,associate's degree,standard,completed,65,70,74,69.66666667
S655,female,group B,some high school,standard,none,73,79,79,77
S656,female,group B,some college,standard,none,62,67,67,65.33333333
S657,male,group C,associate's degree,free/reduced,none,77,67,64,69.33333333
S658,male,group D,some high school,standard,none,69,66,61,65.33333333
S659,female,group D,associate's degree,free/reduced,none,43,60,58,53.66666667
S660,male,group D,associate's degree,standard,none,90,87,85,87.33333333
S661,male,group C,some college,free/reduced,none,74,77,73,74.66666667
S662,male,group C,some high school,standard,none,73,66,63,67.33333333
S663,female,group D,some college,free/reduced,none,55,71,69,65
S664,female,group C,high school,standard,none,65,69,67,67
S665,male,group D,associate's degree,standard,none,80,63,63,68.66666667
S666,female,group C,some high school,free/reduced,completed,50,60,60,56.66666667
S667,female,group C,some college,free/reduced,completed,63,73,71,69
S668,female,group B,bachelor's degree,free/reduced,none,77,85,87,83
S669,male,group C,some college,standard,none,73,74,61,69.33333333
S670,male,group D,associate's degree,standard,completed,81,72,77,76.66666667
S671,female,group C,high school,free/reduced,none,66,76,68,70
S672,male,group D,associate's degree,free/reduced,none,52,57,50,53
S673,female,group C,some college,standard,none,69,78,76,74.33333333
S674,female,group C,associate's degree,standard,completed,65,84,84,77.66666667
S675,female,group D,high school,standard,completed,69,77,78,74.66666667
S676,female,group B,some college,standard,completed,50,64,66,60
S677,female,group E,some college,standard,completed,73,78,76,75.66666667
S678,female,group C,some high school,standard,completed,70,82,76,76
S679,male,group D,associate's degree,free/reduced,none,81,75,78,78
S680,male,group D,some college,free/reduced,none,63,61,60,61.33333333
S681,female,group D,high school,standard,none,67,72,74,71
S682,male,group B,high school,standard,none,60,68,60,62.66666667
S683,male,group B,high school,standard,none,62,55,54,57
S684,female,group C,some high school,free/reduced,completed,29,40,44,37.66666667
S685,male,group B,some college,standard,completed,62,66,68,65.33333333
S686,female,group E,master's degree,standard,completed,94,99,100,97.66666667
S687,male,group E,some college,standard,completed,85,75,68,76
S688,male,group D,associate's degree,free/reduced,none,77,78,73,76
S689,male,group A,high school,free/reduced,none,53,58,44,51.66666667
S690,male,group E,some college,free/reduced,none,93,90,83,88.66666667
S691,female,group C,associate's degree,standard,none,49,53,53,51.66666667
S692,female,group E,associate's degree,free/reduced,none,73,76,78,75.66666667
S693,female,group C,bachelor's degree,free/reduced,completed,66,74,81,73.66666667
S694,female,group D,associate's degree,standard,none,77,77,73,75.66666667
S695,female,group C,some high school,standard,none,49,63,56,56
S696,female,group D,some college,free/reduced,none,79,89,86,84.66666667
S697,female,group C,associate's degree,standard,completed,75,82,90,82.33333333
S698,female,group A,bachelor's degree,standard,none,59,72,70,67
S699,female,group D,associate's degree,standard,completed,57,78,79,71.33333333
S700,male,group C,high school,free/reduced,none,66,66,59,63.66666667
S701,female,group E,bachelor's degree,standard,completed,79,81,82,80.66666667
S702,female,group B,some high school,standard,none,57,67,72,65.33333333
S703,male,group A,bachelor's degree,standard,completed,87,84,87,86
S704,female,group D,some college,standard,none,63,64,67,64.66666667
S705,female,group B,some high school,free/reduced,completed,59,63,64,62
S706,male,group A,bachelor's degree,free/reduced,none,62,72,65,66.33333333
S707,male,group D,high school,standard,none,46,34,36,38.66666667
S708,male,group C,some college,standard,none,66,59,52,59
S709,male,group D,high school,standard,none,89,87,79,85
S710,female,group D,associate's degree,free/reduced,completed,42,61,58,53.66666667
S711,male,group C,some college,standard,completed,93,84,90,89
S712,female,group E,some high school,standard,completed,80,85,85,83.33333333
S713,female,group D,some college,standard,none,98,100,99,99
S714,male,group D,master's degree,standard,none,81,81,84,82
S715,female,group B,some high school,standard,completed,60,70,74,68
S716,female,group B,associate's degree,free/reduced,completed,76,94,87,85.66666667
S717,male,group C,associate's degree,standard,completed,73,78,72,74.33333333
S718,female,group C,associate's degree,standard,completed,96,96,99,97
S719,female,group C,high school,standard,none,76,76,74,75.33333333
S720,male,group E,associate's degree,free/reduced,completed,91,73,80,81.33333333
S721,female,group C,some college,free/reduced,none,62,72,70,68
S722,male,group D,some high school,free/reduced,completed,55,59,59,57.66666667
S723,female,group B,some high school,free/reduced,completed,74,90,88,84
S724,male,group C,high school,standard,none,50,48,42,46.66666667
S725,male,group B,some college,standard,none,47,43,41,43.66666667
S726,male,group E,some college,standard,completed,81,74,71,75.33333333
S727,female,group E,associate's degree,standard,completed,65,75,77,72.33333333
S728,male,group E,some high school,standard,completed,68,51,57,58.66666667
S729,female,group D,high school,free/reduced,none,73,92,84,83
S730,male,group C,some college,standard,none,53,39,37,43
S731,female,group B,associate's degree,free/reduced,completed,68,77,80,75
S732,male,group A,some high school,free/reduced,none,55,46,43,48
S733,female,group C,some college,standard,completed,87,89,94,90
S734,male,group D,some high school,standard,none,55,47,44,48.66666667
S735,female,group E,some college,free/reduced,none,53,58,57,56
S736,male,group C,master's degree,standard,none,67,57,59,61
S737,male,group C,associate's degree,standard,none,92,79,84,85
S738,female,group B,some college,free/reduced,completed,53,66,73,64
S739,male,group D,associate's degree,standard,none,81,71,73,75
S740,male,group C,high school,free/reduced,none,61,60,55,58.66666667
S741,male,group D,bachelor's degree,standard,none,80,73,72,75
S742,female,group A,associate's degree,free/reduced,none,37,57,56,50
S743,female,group C,high school,standard,none,81,84,82,82.33333333
S744,female,group C,associate's degree,standard,completed,59,73,72,68
S745,male,group B,some college,free/reduced,none,55,55,47,52.33333333
S746,male,group D,associate's degree,standard,none,72,79,74,75
S747,male,group D,high school,standard,none,69,75,71,71.66666667
S748,male,group C,some college,standard,none,69,64,68,67
S749,female,group C,bachelor's degree,free/reduced,none,50,60,59,56.33333333
S750,male,group B,some college,standard,completed,87,84,86,85.66666667
S751,male,group D,some high school,standard,completed,71,69,68,69.33333333
S752,male,group E,some college,standard,none,68,72,65,68.33333333
S753,male,group C,master's degree,free/reduced,completed,79,77,75,77
S754,female,group C,some high school,standard,completed,77,90,85,84
S755,male,group C,associate's degree,free/reduced,none,58,55,53,55.33333333
S756,female,group E,associate's degree,standard,none,84,95,92,90.33333333
S757,male,group D,some college,standard,none,55,58,52,55
S758,male,group E,bachelor's degree,free/reduced,completed,70,68,72,70
S759,female,group D,some college,free/reduced,completed,52,59,65,58.66666667
S760,male,group B,some college,standard,completed,69,77,77,74.33333333
S761,female,group C,high school,free/reduced,none,53,72,64,63
S762,female,group D,some high school,standard,none,48,58,54,53.33333333
S763,male,group D,some high school,standard,completed,78,81,86,81.66666667
S764,female,group B,high school,standard,none,62,62,63,62.33333333
S765,male,group D,some college,standard,none,60,63,59,60.66666667
S766,female,group B,high school,standard,none,74,72,72,72.66666667
S767,female,group C,high school,standard,completed,58,75,77,70
S768,male,group B,high school,standard,completed,76,62,60,66
S769,female,group D,some high school,standard,none,68,71,75,71.33333333
S770,male,group A,some college,free/reduced,none,58,60,57,58.33333333
S771,male,group B,high school,standard,none,52,48,49,49.66666667
S772,male,group D,bachelor's degree,standard,none,75,73,74,74
S773,female,group B,some high school,free/reduced,completed,52,67,72,63.66666667
S774,female,group C,bachelor's degree,free/reduced,none,62,78,79,73
S775,male,group B,some college,standard,none,66,65,60,63.66666667
S776,female,group B,some high school,free/reduced,none,49,58,55,54
S777,female,group B,high school,standard,none,66,72,70,69.33333333
S778,female,group C,some college,free/reduced,none,35,44,43,40.66666667
S779,female,group A,some college,standard,completed,72,79,82,77.66666667
S780,male,group E,associate's degree,standard,completed,94,85,82,87
S781,female,group D,associate's degree,free/reduced,none,46,56,57,53
S782,female,group B,master's degree,standard,none,77,90,84,83.66666667
S783,female,group B,high school,free/reduced,completed,76,85,82,81
S784,female,group C,associate's degree,standard,completed,52,59,62,57.66666667
S785,male,group C,bachelor's degree,standard,completed,91,81,79,83.66666667
S786,female,group B,some high school,standard,completed,32,51,44,42.33333333
S787,female,group E,some high school,free/reduced,none,72,79,77,76
S788,female,group B,some college,standard,none,19,38,32,29.66666667
S789,male,group C,associate's degree,free/reduced,none,68,65,61,64.66666667
S790,female,group C,master's degree,free/reduced,none,52,65,61,59.33333333
S791,female,group B,high school,standard,none,48,62,60,56.66666667
S792,female,group D,some college,free/reduced,none,60,66,70,65.33333333
S793,male,group D,high school,free/reduced,none,66,74,69,69.66666667
S794,male,group E,some high school,standard,completed,89,84,77,83.33333333
S795,female,group B,high school,standard,none,42,52,51,48.33333333
S796,female,group E,associate's degree,free/reduced,completed,57,68,73,66
S797,male,group D,high school,standard,none,70,70,70,70
S798,female,group E,associate's degree,free/reduced,none,70,84,81,78.33333333
S799,male,group E,some college,standard,none,69,60,54,61
S800,female,group C,associate's degree,standard,none,52,55,57,54.66666667
S801,male,group C,some high school,standard,completed,67,73,68,69.33333333
S802,male,group C,some high school,standard,completed,76,80,73,76.33333333
S803,female,group E,associate's degree,standard,none,87,94,95,92
S804,female,group B,some college,standard,none,82,85,87,84.66666667
S805,female,group C,some college,standard,none,73,76,78,75.66666667
S806,male,group A,some college,free/reduced,none,75,81,74,76.66666667
S807,female,group D,some college,free/reduced,none,64,74,75,71
S808,female,group E,high school,free/reduced,none,41,45,40,42
S809,male,group C,high school,standard,none,90,75,69,78
S810,male,group B,bachelor's degree,standard,none,59,54,51,54.66666667
S811,male,group A,some high school,standard,none,51,31,36,39.33333333
S812,male,group A,high school,free/reduced,none,45,47,49,47
S813,female,group C,master's degree,standard,completed,54,64,67,61.66666667
S814,male,group E,some high school,standard,completed,87,84,76,82.33333333
S815,female,group C,high school,standard,none,72,80,83,78.33333333
S816,male,group B,some high school,standard,completed,94,86,87,89
S817,female,group A,bachelor's degree,standard,none,45,59,64,56
S818,male,group D,bachelor's degree,free/reduced,completed,61,70,76,69
S819,female,group B,high school,free/reduced,none,60,72,68,66.66666667
S820,female,group C,some high school,standard,none,77,91,88,85.33333333
S821,female,group A,some high school,standard,completed,85,90,92,89
S822,female,group D,bachelor's degree,free/reduced,none,78,90,93,87
S823,male,group E,some college,free/reduced,completed,49,52,51,50.66666667
S824,female,group B,high school,free/reduced,none,71,87,82,80
S825,female,group C,some high school,free/reduced,none,48,58,52,52.66666667
S826,male,group C,high school,standard,none,62,67,58,62.33333333
S827,female,group C,associate's degree,free/reduced,completed,56,68,70,64.66666667
S828,female,group C,some high school,standard,none,65,69,76,70
S829,female,group D,some high school,free/reduced,completed,69,86,81,78.66666667
S830,male,group B,some high school,standard,none,68,54,53,58.33333333
S831,female,group A,some college,free/reduced,none,61,60,57,59.33333333
S832,female,group C,bachelor's degree,free/reduced,completed,74,86,89,83
S833,male,group A,bachelor's degree,standard,none,64,60,58,60.66666667
S834,female,group B,high school,standard,completed,77,82,89,82.66666667
S835,male,group B,some college,standard,none,58,50,45,51
S836,female,group C,high school,standard,completed,60,64,74,66
S837,male,group E,high school,standard,none,73,64,57,64.66666667
S838,female,group A,high school,standard,completed,75,82,79,78.66666667
S839,male,group B,associate's degree,free/reduced,completed,58,57,53,56
S840,female,group C,associate's degree,standard,none,66,77,73,72
S841,female,group D,high school,free/reduced,none,39,52,46,45.66666667
S842,male,group C,some high school,standard,none,64,58,51,57.66666667
S843,female,group B,high school,free/reduced,completed,23,44,36,34.33333333
S844,male,group B,some college,free/reduced,completed,74,77,76,75.66666667
S845,female,group D,some high school,free/reduced,completed,40,65,64,56.33333333
S846,male,group E,master's degree,standard,none,90,85,84,86.33333333
S847,male,group C,master's degree,standard,completed,91,85,85,87
S848,male,group D,high school,standard,none,64,54,50,56
S849,female,group C,high school,standard,none,59,72,68,66.33333333
S850,male,group D,associate's degree,standard,none,80,75,69,74.66666667
S851,male,group C,master's degree,standard,none,71,67,67,68.33333333
S852,female,group A,high school,standard,none,61,68,63,64
S853,female,group E,some college,standard,none,87,85,93,88.33333333
S854,male,group E,some high school,standard,none,82,67,61,70
S855,male,group C,some high school,standard,none,62,64,55,60.33333333
S856,female,group B,bachelor's degree,standard,none,97,97,96,96.66666667
S857,male,group B,some college,free/reduced,none,75,68,65,69.33333333
S858,female,group C,bachelor's degree,standard,none,65,79,81,75
S859,male,group B,high school,standard,completed,52,49,46,49
S860,male,group C,associate's degree,free/reduced,none,87,73,72,77.33333333
S861,female,group C,associate's degree,standard,none,53,62,53,56
S862,female,group E,master's degree,free/reduced,none,81,86,87,84.66666667
S863,male,group D,bachelor's degree,free/reduced,completed,39,42,38,39.66666667
S864,female,group C,some college,standard,completed,71,71,80,74
S865,male,group C,associate's degree,standard,none,97,93,91,93.66666667
S866,male,group D,some college,standard,completed,82,82,88,84
S867,male,group C,high school,free/reduced,none,59,53,52,54.66666667
S868,male,group B,associate's degree,standard,none,61,42,41,48
S869,male,group E,associate's degree,free/reduced,completed,78,74,72,74.66666667
S870,male,group C,associate's degree,free/reduced,none,49,51,51,50.33333333
S871,male,group B,high school,standard,none,59,58,47,54.66666667
S872,female,group C,some college,standard,completed,70,72,76,72.66666667
S873,male,group B,associate's degree,standard,completed,82,84,78,81.33333333
S874,male,group E,associate's degree,free/reduced,none,90,90,82,87.33333333
S875,female,group C,bachelor's degree,free/reduced,none,43,62,61,55.33333333
S876,male,group C,some college,free/reduced,none,80,64,66,70
S877,male,group D,some college,standard,none,81,82,84,82.33333333
S878,male,group C,some high school,standard,none,57,61,54,57.33333333
S879,female,group D,some high school,standard,none,59,72,80,70.33333333
S880,female,group D,associate's degree,standard,none,64,76,74,71.33333333
S881,male,group C,bachelor's degree,standard,completed,63,64,66,64.33333333
S882,female,group E,bachelor's degree,standard,completed,71,70,70,70.33333333
S883,female,group B,high school,free/reduced,none,64,73,71,69.33333333
S884,male,group D,bachelor's degree,free/reduced,none,55,46,44,48.33333333
S885,female,group E,associate's degree,standard,none,51,51,54,52
S886,female,group C,associate's degree,standard,completed,62,76,80,72.66666667
S887,female,group E,associate's degree,standard,completed,93,100,95,96
S888,male,group C,high school,free/reduced,none,54,72,59,61.66666667
S889,female,group D,some college,free/reduced,none,69,65,74,69.33333333
S890,male,group D,high school,free/reduced,none,44,51,48,47.66666667
S891,female,group E,some college,standard,completed,86,85,91,87.33333333
S892,female,group E,associate's degree,standard,none,85,92,85,87.33333333
S893,female,group A,master's degree,free/reduced,none,50,67,73,63.33333333
S894,male,group D,some high school,standard,completed,88,74,75,79
S895,female,group E,associate's degree,standard,none,59,62,69,63.33333333
S896,female,group E,some high school,free/reduced,none,32,34,38,34.66666667
S897,male,group B,high school,free/reduced,none,36,29,27,30.66666667
S898,female,group B,some high school,free/reduced,completed,63,78,79,73.33333333
S899,male,group D,associate's degree,standard,completed,67,54,63,61.33333333
S900,female,group D,some high school,standard,completed,65,78,82,75
S901,male,group D,master's degree,standard,none,85,84,89,86
S902,female,group C,master's degree,standard,none,73,78,74,75
S903,female,group A,high school,free/reduced,completed,34,48,41,41
S904,female,group D,bachelor's degree,free/reduced,completed,93,100,100,97.66666667
S905,female,group D,some high school,free/reduced,none,67,84,84,78.33333333
S906,male,group D,some college,standard,none,88,77,77,80.66666667
S907,male,group B,high school,standard,none,57,48,51,52
S908,female,group D,some college,standard,completed,79,84,91,84.66666667
S909,female,group C,bachelor's degree,free/reduced,none,67,75,72,71.33333333
S910,male,group E,bachelor's degree,standard,completed,70,64,70,68
S911,male,group D,bachelor's degree,free/reduced,none,50,42,48,46.66666667
S912,female,group A,some college,standard,none,69,84,82,78.33333333
S913,female,group C,bachelor's degree,standard,completed,52,61,66,59.66666667
S914,female,group C,bachelor's degree,free/reduced,completed,47,62,66,58.33333333
S915,female,group B,associate's degree,free/reduced,none,46,61,55,54
S916,female,group E,some college,standard,none,68,70,66,68
S917,male,group E,bachelor's degree,standard,completed,100,100,100,100
S918,female,group C,high school,standard,none,44,61,52,52.33333333
S919,female,group C,associate's degree,standard,completed,57,77,80,71.33333333
S920,male,group B,some college,standard,completed,91,96,91,92.66666667
S921,male,group D,high school,free/reduced,none,69,70,67,68.66666667
S922,female,group C,high school,free/reduced,none,35,53,46,44.66666667
S923,male,group D,high school,standard,none,72,66,66,68
S924,female,group B,associate's degree,free/reduced,none,54,65,65,61.33333333
S925,male,group D,high school,free/reduced,none,74,70,69,71
S926,male,group E,some high school,standard,completed,74,64,60,66
S927,male,group E,associate's degree,free/reduced,none,64,56,52,57.33333333
S928,female,group D,high school,free/reduced,completed,65,61,71,65.66666667
S929,male,group E,associate's degree,free/reduced,completed,46,43,44,44.33333333
S930,female,group C,some high school,free/reduced,none,48,56,51,51.66666667
S931,male,group C,some college,free/reduced,completed,67,74,70,70.33333333
S932,male,group D,some college,free/reduced,none,62,57,62,60.33333333
S933,male,group D,associate's degree,free/reduced,completed,61,71,73,68.33333333
S934,male,group C,bachelor's degree,free/reduced,completed,70,75,74,73
S935,male,group C,associate's degree,standard,completed,98,87,90,91.66666667
S936,male,group D,some college,free/reduced,none,70,63,58,63.66666667
S937,male,group A,associate's degree,standard,none,67,57,53,59
S938,female,group E,high school,free/reduced,none,57,58,57,57.33333333
S939,male,group D,some college,standard,completed,85,81,85,83.66666667
S940,male,group D,some high school,standard,completed,77,68,69,71.33333333
S941,male,group C,master's degree,free/reduced,completed,72,66,72,70
S942,female,group D,master's degree,standard,none,78,91,96,88.33333333
S943,male,group C,high school,standard,none,81,66,64,70.33333333
S944,male,group A,some high school,free/reduced,completed,61,62,61,61.33333333
S945,female,group B,high school,standard,none,58,68,61,62.33333333
S946,female,group C,associate's degree,standard,none,54,61,58,57.66666667
S947,male,group B,high school,standard,none,82,82,80,81.33333333
S948,female,group D,some college,free/reduced,none,49,58,60,55.66666667
S949,male,group B,some high school,free/reduced,completed,49,50,52,50.33333333
S950,female,group E,high school,free/reduced,completed,57,75,73,68.33333333
S951,male,group E,high school,standard,none,94,73,71,79.33333333
S952,female,group D,some college,standard,completed,75,77,83,78.33333333
S953,female,group E,some high school,free/reduced,none,74,74,72,73.33333333
S954,male,group C,high school,standard,completed,58,52,54,54.66666667
S955,female,group C,some college,standard,none,62,69,69,66.66666667
S956,male,group E,associate's degree,standard,none,72,57,62,63.66666667
S957,male,group C,some college,standard,none,84,87,81,84
S958,female,group D,master's degree,standard,none,92,100,100,97.33333333
S959,female,group D,high school,standard,none,45,63,59,55.66666667
S960,male,group C,high school,standard,none,75,81,71,75.66666667
S961,female,group A,some college,standard,none,56,58,64,59.33333333
S962,female,group D,some high school,free/reduced,none,48,54,53,51.66666667
S963,female,group E,associate's degree,standard,none,100,100,100,100
S964,female,group C,some high school,free/reduced,completed,65,76,75,72
S965,male,group D,some college,standard,none,72,57,58,62.33333333
S966,female,group D,some college,standard,none,62,70,72,68
S967,male,group A,some high school,standard,completed,66,68,64,66
S968,male,group C,some college,standard,none,63,63,60,62
S969,female,group E,associate's degree,standard,none,68,76,67,70.33333333
S970,female,group B,bachelor's degree,standard,none,75,84,80,79.66666667
S971,female,group D,bachelor's degree,standard,none,89,100,100,96.33333333
S972,male,group C,some high school,standard,completed,78,72,69,73
S973,female,group A,high school,free/reduced,completed,53,50,60,54.33333333
S974,female,group D,some college,free/reduced,none,49,65,61,58.33333333
S975,female,group A,some college,standard,none,54,63,67,61.33333333
S976,female,group C,some college,standard,completed,64,82,77,74.33333333
S977,male,group B,some college,free/reduced,completed,60,62,60,60.66666667
S978,male,group C,associate's degree,standard,none,62,65,58,61.66666667
S979,male,group D,high school,standard,completed,55,41,48,48
S980,female,group C,associate's degree,standard,none,91,95,94,93.33333333
S981,female,group B,high school,free/reduced,none,8,24,23,18.33333333
S982,male,group D,some high school,standard,none,81,78,78,79
S983,male,group B,some high school,standard,completed,79,85,86,83.33333333
S984,female,group A,some college,standard,completed,78,87,91,85.33333333
S985,female,group C,some high school,standard,none,74,75,82,77
S986,male,group A,high school,standard,none,57,51,54,54
S987,female,group C,associate's degree,standard,none,40,59,51,50
S988,male,group E,some high school,standard,completed,81,75,76,77.33333333
S989,female,group A,some high school,free/reduced,none,44,45,45,44.66666667
S990,female,group D,some college,free/reduced,completed,67,86,83,78.66666667
S991,male,group E,high school,free/reduced,completed,86,81,75,80.66666667
S992,female,group B,some high school,standard,completed,65,82,78,75
S993,female,group D,associate's degree,free/reduced,none,55,76,76,69
S994,female,group D,bachelor's degree,free/reduced,none,62,72,74,69.33333333
S995,male,group A,high school,standard,none,63,63,62,62.66666667
S996,female,group E,master's degree,standard,completed,88,99,95,94
S997,male,group C,high school,free/reduced,none,62,55,55,57.33333333
S998,female,group C,high school,free/reduced,completed,59,71,65,65
S999,female,group D,some college,standard,completed,68,78,77,74.33333333
S1000,female,group D,some college,free/reduced,none,77,86,86,83
S1001,male,group C,some high school,free/reduced,none,44,56,94,64.66666667
S1002,male,group E,high school,standard,completed,45,50,100,65
S1003,male,group E,associate's degree,free/reduced,completed,91,50,68,69.66666667
S1004,female,group A,associate's degree,free/reduced,completed,61,95,52,69.33333333
S1005,male,group B,master's degree,free/reduced,none,66,43,91,66.66666667
S1006,female,group C,master's degree,standard,none,91,89,83,87.66666667
S1007,female,group D,high school,free/reduced,completed,85,40,45,56.66666667
S1008,male,group E,high school,standard,none,82,70,56,69.33333333
S1009,female,group D,master's degree,standard,completed,89,73,85,82.33333333
